1,Ramsey,Kuhwald,Overnell,2020-07-21,26,1
2,Valerie,Ellerey,Gomersal,2003-04-06,82,4
3,Nelson,Giacopello,Langley,2021-01-29,78,4
4,Lisette,Cyseley,Raleston,1994-08-18,96,1
5,Marrilee,Slaughter,Tankard,2015-05-13,7,5
6,Broderic,Frensche,Snibson,2018-08-12,81,4
7,Patrizia,Cleevely,Geraud,2001-04-21,73,2
8,Angelica,Ewols,Bonnick,2000-05-23,6,5
9,Vito,Dislee,Molfino,1991-11-08,52,3
10,Guinna,Di Carlo,Nannoni,2010-10-17,20,4
11,Gus,Kuschel,Morena,2003-08-21,99,2
12,Aileen,Chene,Jandel,1991-07-26,67,2
13,Nadeen,Dibbs,Dalrymple,2016-05-09,67,3
14,Florella,Gatherell,Sallis,1994-10-09,94,3
15,Giselbert,Sillett,Reynoldson,2005-09-05,87,4
16,Gail,Romanin,Tolwood,2018-12-05,65,1
17,Catriona,Copnar,Shoppee,2007-10-21,6,2
18,Veriee,Kennelly,Orton,2016-03-14,92,2
19,Pierrette,Musprat,O'Mara,2018-02-26,56,1
20,Nye,Perris,Enser,2000-05-18,89,3
21,Perrine,Cluitt,Crowden,2003-09-23,79,3
22,Kerrill,Faires,Gaish,2018-10-20,35,1
23,Rand,Bleacher,Nawton,2000-02-12,55,2
24,Kitti,Faire,Cartledge,2003-09-20,84,1
25,Lindsay,Wybrow,Babber,2019-04-20,84,2
26,Aime,Sartain,Sallinger,1998-02-09,80,3
27,Marlee,Dunderdale,Stormont,2021-04-16,98,1
28,Aundrea,Faichney,Peddie,2007-03-06,44,1
29,Conrado,Howe,Earingey,2000-03-28,34,4
30,Gates,Shildrake,Braywood,1996-02-28,84,4
31,Amity,Luckman,Rabbet,1999-01-25,28,1
32,Marshall,Germann,Hinrichsen,1991-03-28,20,1
33,Gratiana,Jacketts,Hargreves,2023-07-02,1,3
34,Lock,Loffill,Port,2006-09-28,92,4
35,Heather,Govey,Cowie,1998-06-22,76,1
36,Sib,Dilliston,Halm,2014-09-29,28,4
37,Callean,Brinded,Skeels,2000-11-22,44,2
38,Crichton,Berzin,Clarkin,2005-12-12,90,1
39,Rhys,Franzel,Quennell,2007-03-04,2,5
40,Tybi,Prop,Houston,2000-10-17,28,5
41,Jerad,Highman,MacGaughey,1999-02-13,58,3
42,Dex,Joysey,Macauley,2008-09-10,54,3
43,Pollyanna,Franzolini,Mowbray,1991-08-10,59,2
44,Morrie,Fickling,Adamowicz,2009-11-30,94,4
45,Simone,Goff,Roffey,2020-03-21,64,4
46,Tybi,Castellaccio,Reignould,2021-10-09,42,3
47,Rudd,Peyton,Bouldon,2017-01-30,42,2
48,Benedicto,Torre,Larmor,2013-11-15,12,3
49,Gideon,Laval,Gerrad,2008-07-28,43,1
50,Franni,Dinesen,Ballantine,2017-03-16,61,3
51,Gris,Cortes,Witherington,1995-05-15,31,2
52,Jerrilee,Rookledge,Oldland,1993-09-13,54,5
53,Colby,Borrington,Lashmar,2012-06-07,3,4
54,Pedro,Shave,Johnys,1993-03-03,91,5
55,Trumann,Aldhouse,Lyver,1992-03-09,63,2
56,Brandice,Siegertsz,Leimster,1998-03-28,79,3
57,Sunny,Gorce,Blackbourn,2022-01-29,99,1
58,Sidnee,Klees,Otson,1991-05-11,83,4
59,Melina,McKinstry,Huxtable,2022-10-17,17,3
60,Hercule,Parkeson,Molineux,1991-10-22,15,5
61,Sharl,Warfield,Cawse,1996-07-06,70,2
62,Peirce,Sleightholme,Beall,2012-06-19,61,2
63,Freda,O'Neill,Blasoni,2014-12-15,85,5
64,Clair,Ridley,Yetton,2008-10-09,78,1
65,Basilio,Sitford,Houchen,2019-07-16,24,5
66,Maximilianus,Holdron,Trimmill,2005-01-16,9,2
67,Sayres,Segoe,Coggen,2004-06-30,90,1
68,Frederik,Sutter,Kerton,2011-05-06,86,2
69,Rani,Derx,Alywin,2000-10-26,5,4
70,Curran,Ogden,Lunn,1993-05-25,77,1
71,Raphael,Sinkinson,Shaves,2022-11-07,100,4
72,Cal,Vicar,Falconbridge,2009-08-28,52,5
73,Gaye,Meriott,Calleja,2023-01-21,95,2
74,Jedd,Justice,Boame,2005-08-26,51,3
75,Susanna,MacAindreis,Dight,2003-12-15,32,4
76,Herc,Konert,Coaster,2002-11-11,50,4
77,Ilsa,Soloway,Cambridge,2012-08-03,70,3
78,Trever,Duffil,MacGillacolm,2003-11-01,66,4
79,Lin,Sabate,Werrit,2002-11-12,93,3
80,Humberto,Hanning,Riach,1993-07-20,20,3
81,Theodosia,Fradson,Penkethman,1992-05-16,89,3
82,Demetria,Menlow,Cayton,2001-07-17,46,1
83,Woodie,Rubinek,Parrot,2019-05-10,97,4
84,Andy,Portman,Cowans,2011-05-18,86,4
85,Moise,Limeburner,Cossins,2011-05-22,54,2
86,Jonathon,Melato,Coronado,2001-03-21,76,1
87,Rahel,Geraldi,Hussell,1997-01-18,96,1
88,Lucila,Brackley,Winsom,1995-01-03,34,1
89,Granny,Golds,Conring,2002-05-26,24,2
90,Iorgos,Scyner,Sandey,1994-05-24,98,5
91,Jessika,Kilgannon,Weatherell,2023-01-15,66,1
92,Wilek,Davie,Royce,1991-05-15,54,5
93,Lyman,Sarjant,Tyre,2003-01-21,9,1
94,Agna,Hounsom,Gouch,2017-02-05,36,2
95,Humfrid,Oxlade,McGarrell,2007-10-31,20,2
96,Glory,Deniscke,Gwalter,2007-08-10,89,1
97,Aurora,May,Derle,2005-05-11,92,5
98,Viviana,Caltun,Scurry,2002-01-06,23,3
99,Edlin,Soloway,Forsbey,2000-04-14,68,5
100,Mort,Songhurst,Drover,1999-03-19,39,5
101,Osbert,Derrick,Kuhl,2010-02-13,91,3
102,Merlina,Bonehill,Longbothom,2019-02-06,36,2
103,Anya,Hedau,Reveley,1991-02-06,59,5
104,Eldridge,Gavin,Foro,2017-12-14,99,1
105,Cassandra,O'Longain,Cossum,2006-11-19,15,2
106,Wolfy,Codron,Astman,2002-01-11,15,4
107,Clyve,Reoch,Memory,2006-10-18,75,3
108,Romeo,Taggart,Lehrle,2007-09-27,43,1
109,Darlene,Barrack,South,1997-03-13,86,1
110,Lolita,Eggins,Sherrocks,2004-04-23,49,4
111,Kimmie,Pledger,Summerson,1997-11-05,59,2
112,Minda,Pinck,Renfree,2013-09-23,67,2
113,Anabel,Jagson,Porrett,2015-11-22,26,4
114,Loise,Cejka,Clemmow,2016-11-21,24,3
115,Harwilll,Purton,Mennear,2017-12-13,21,2
116,Sybila,Flynn,Bellfield,2015-07-01,22,5
117,Delcine,Wearne,Newdick,2014-07-04,75,3
118,Dar,Sarrell,Rainger,2014-10-06,51,3
119,Feodora,Krzysztofiak,Crunkhorn,2020-09-17,64,3
120,Drake,Feavers,Sloam,2006-07-14,4,2
121,Daniella,Jenking,Batteson,2017-11-25,37,5
122,Patrizius,Sare,Gunby,2023-11-10,58,3
123,Abra,Hamblyn,Kyrkeman,2022-10-01,95,3
124,Levin,Longhorne,Heine,1997-08-24,31,5
125,Kenon,Jammet,Rollitt,1993-03-02,55,4
126,Rafferty,Hartness,Stammers,2013-06-15,69,1
127,Millard,Summerrell,Andrasch,1993-02-12,67,3
128,Sarina,Lantiffe,Power,1999-06-26,13,5
129,Diann,Grishakin,Parmby,2015-09-21,14,5
130,Artemas,Shemmin,D'Alesco,1992-09-25,86,2
131,Cris,Duding,Chasmer,2009-05-18,64,1
132,Willey,Massen,Maccrea,2007-11-07,10,5
133,Gwennie,Mogra,Pahler,2014-11-26,59,3
134,Frannie,Dignam,Phizackerly,2012-03-28,8,1
135,Averil,Paal,Jaggers,2006-11-07,99,1
136,Gino,Cawthron,Hansel,1991-06-13,67,3
137,Tamera,Bienvenu,Feldon,2010-06-10,53,3
138,Janina,Egre,Starking,2019-12-19,7,1
139,Mathew,Petrakov,Varian,1997-12-04,44,1
140,Celia,Shew,Bulfit,1996-01-20,66,2
141,Koenraad,Poulney,Butchard,1999-12-22,31,2
142,Hurlee,Halson,Gasperi,2011-10-29,87,1
143,Xenos,Baskeyfield,Walters,2012-04-19,53,5
144,Phillie,Maystone,Spellicy,2002-10-20,18,4
145,Allianora,Di Filippo,O'Kennedy,2021-07-18,85,4
146,Grove,MacQuarrie,O'Brallaghan,2007-06-19,34,2
147,Auberta,Hanham,Hullins,2010-03-31,24,1
148,Cecily,Swadlen,Treasure,2017-06-15,37,5
149,Cosimo,Wilstead,Wrankmore,2017-05-18,28,5
150,Markos,Brookes,Renny,2016-03-24,48,2
151,Colet,Maypes,Stonnell,2015-10-13,86,3
152,Minnaminnie,Dufaire,Rastall,1997-03-05,62,3
153,Brockie,Ortelt,Chopin,2007-08-09,4,4
154,Nicolea,Mattock,Dance,2014-12-04,98,2
155,Aldric,Eckels,Kenninghan,2003-08-24,21,2
156,Robinet,Blanking,Simants,2019-02-08,91,4
157,Mitchel,Fawlo,Ballinger,2012-10-16,15,4
158,Bellanca,Carnell,McCreedy,2011-01-10,27,1
159,Aubrey,Lashford,Blinde,2008-08-23,33,4
160,Sullivan,Tire,Storror,2006-09-24,42,5
161,Davidde,Maskell,Bortoluzzi,2001-02-01,17,2
162,Melinda,Girling,Calles,2011-04-01,98,1
163,Blondy,Moorfield,Townend,2010-08-17,75,2
164,Teena,Foister,Biaggioli,2018-03-07,69,3
165,Warren,Chettoe,Graves,2006-12-14,64,1
166,Meade,Aronow,Giffen,2009-07-27,61,1
167,Kipp,Zywicki,Newarte,1994-12-15,8,4
168,Gerick,Tidmarsh,Abeau,1998-12-10,32,4
169,Lurlene,Letertre,Eade,1993-09-30,74,5
170,Amelie,Critchard,Rising,2021-08-16,87,5
171,Terza,De Beauchamp,McGeouch,2004-08-09,29,2
172,Annis,Spillman,Massy,2020-02-25,77,1
173,Herby,Killerby,Troy,2016-06-17,87,5
174,Ewart,Michiel,Challoner,2006-07-26,79,3
175,Iris,Ferebee,Synnot,1993-10-20,55,1
176,Kathryn,Furnival,Braithwaite,2014-07-09,13,4
177,Collie,Dioniso,Wermerling,2008-04-29,64,5
178,Archy,Cosley,Snasel,2017-08-20,14,1
179,Nikolas,Charteris,Peet,2005-01-15,28,4
180,Barbara,Skillern,Hannond,2015-07-18,70,1
181,Quintin,Kenwyn,Agett,1991-06-25,52,4
182,Anjela,Yvens,Parlour,2022-09-12,22,1
183,Deane,Kmietsch,Dolbey,2018-08-11,59,4
184,Antony,Grimme,Andresser,2002-10-12,17,3
185,Ross,Tombleson,Tussaine,2009-08-29,53,4
186,Michell,Gouldbourn,Pallant,1991-08-01,10,4
187,Devin,Canepe,Frays,2013-04-14,20,2
188,Margalo,Conyers,Chalfont,2004-07-31,67,3
189,Charlean,Kinze,Denekamp,2022-02-16,91,1
190,Bonnibelle,Airton,Hargroves,2000-03-07,82,4
191,Isaiah,Pepperill,Kornyshev,1995-04-07,87,5
192,Rickard,Calcraft,Cockcroft,2015-12-21,18,2
193,Emera,Stockow,O' Gara,2009-06-29,43,1
194,Keely,Starton,Vuittet,1997-01-31,31,5
195,Beryl,Boken,Arnholz,2005-11-06,34,2
196,Carmina,Stirrup,Gooderham,2003-05-09,10,4
197,Cinderella,Arrington,Betteney,2003-11-03,66,1
198,Alysia,Stillert,Orum,1992-01-27,90,1
199,Patrizia,Liell,Castleman,2004-08-28,70,3
200,Martyn,Crayker,Joly,1995-11-29,46,1
201,Greer,Gerry,Matthai,2007-02-21,38,3
202,Kirsteni,Janz,Headingham,1994-11-27,4,4
203,Raychel,Kitter,Barrack,1998-11-20,77,3
204,Nathanil,Kamiyama,Treasaden,1999-08-13,60,2
205,Dyan,Jacquemy,Grenkov,2023-12-12,94,1
206,Galen,Gerding,Prynne,1992-05-17,77,4
207,Olivette,Poleye,Kenyon,2015-09-09,29,3
208,Elijah,Vynehall,Haggar,2010-02-15,80,1
209,Hilary,Jatczak,De Bruijn,2010-09-28,43,2
210,Von,Shoutt,Lanigan,1996-06-16,16,3
211,Roxie,Volkers,Lambie,1998-09-08,2,1
212,Ardenia,Osborne,Lindblom,2016-02-14,3,5
213,Lorrie,Porcas,Axe,2019-07-12,80,2
214,Cory,Farquhar,Mellsop,2003-02-26,1,4
215,Ola,Sailor,Dacke,1997-12-24,94,4
216,Verena,Behneke,Gianneschi,2003-09-02,50,3
217,Terrence,Sauvan,Splevins,2018-06-15,4,4
218,Christal,Kettlestring,Koeppke,2002-03-25,75,2
219,Micheal,Dubery,Hinchcliffe,2020-02-13,38,1
220,Dex,Bernaert,Molesworth,2019-04-18,11,4
221,Tamera,Grunbaum,Garbutt,1999-09-14,89,1
222,Gal,Asp,Spon,2010-12-10,60,3
223,Orelie,Mirando,Boddis,2006-01-29,77,4
224,Ulrick,Iorizzo,Torrijos,2001-06-13,80,3
225,Jonell,Philippeaux,Bastock,1999-03-06,37,5
226,Tildi,Duff,Tordiffe,1995-09-04,81,4
227,Alyssa,Rignold,Jarvis,2014-03-04,12,2
228,Shaina,Broggelli,Castellani,2007-12-05,89,4
229,Caril,Colvill,Friedenbach,1991-11-26,84,5
230,Alic,Briance,Ends,2004-12-03,66,3
231,Garnette,Chazelas,Blampied,2011-03-12,93,3
232,Roslyn,Grinyer,Ames,2020-02-01,37,3
233,Fernandina,Jikovsky,Attle,2007-08-07,65,5
234,Nonnah,Alexsandrowicz,Cheetham,2017-05-13,62,2
235,Cairistiona,Endecott,Georgeou,2000-04-28,14,2
236,Liane,Maypes,Nayer,2016-01-28,46,1
237,Lotty,Janaszewski,Fouch,2011-08-22,49,5
238,Nealy,Hellmer,Jervois,2022-07-01,85,1
239,Chloe,Basketfield,Lebarree,2022-04-08,71,3
240,Phoebe,Deal,Reolfo,1999-10-03,61,5
241,Torrance,Grellier,Roche,1995-05-18,96,3
242,Kerwinn,Dellatorre,Peiser,2008-10-20,44,5
243,Cece,Segrott,Scalera,2008-11-12,63,4
244,Cleon,Pentycost,Beachamp,1991-06-30,76,2
245,Jere,Flaws,McClymond,2007-12-31,92,2
246,Pepillo,Riba,Pinner,2005-06-16,28,4
247,Katey,Scoble,Beecheno,2023-11-13,77,4
248,Shawna,Castlake,Caherny,2012-11-15,87,1
249,Serena,Eunson,Pethick,2005-08-20,15,4
250,Lia,Lishmund,McIlhatton,1999-03-24,49,2
251,Jean,Fairnie,Sowerby,2012-02-22,38,2
252,Marketa,Chadwyck,Castle,2013-05-27,90,2
253,Andee,Kerbey,Trulocke,1994-05-08,98,5
254,Alika,Raun,Gillan,2023-02-13,92,2
255,Melanie,Perren,Fiddiman,2008-02-02,10,3
256,Lydon,Ginnell,Sollitt,2006-07-25,47,2
257,Gianina,Barkworth,Firle,1993-09-22,49,3
258,Colet,Davage,Raithmill,1992-10-23,71,5
259,Barret,Barnwall,Espadero,2020-04-20,93,3
260,Phillipp,Birt,Pawlowicz,2004-09-04,16,2
261,Zelig,Ozintsev,Attac,1996-02-09,95,4
262,Maryrose,Barson,Ronchka,2010-01-15,34,3
263,Fenelia,Wychard,Hymas,2001-09-20,15,2
264,Aviva,Klimkovich,Vennard,1991-08-19,8,3
265,Marie,Durno,Rohloff,2023-09-05,25,1
266,Kerwin,Colloff,Newbury,2004-05-07,61,5
267,Barbey,Bartoshevich,Seabright,2003-07-18,9,1
268,Bella,Rickaert,Hillhouse,2012-10-18,69,3
269,Rhiamon,Larder,Donisthorpe,2016-02-14,25,5
270,Mendel,Wyborn,Greed,1999-02-28,13,2
271,Viviana,Frake,Sprigg,2008-07-30,64,4
272,Nolie,Correa,Pinks,1993-08-15,29,3
273,Beniamino,Denk,Ledwitch,2004-09-04,77,4
274,Livvy,Stenning,Bestman,2021-02-11,61,1
275,Persis,Weald,McMenamie,1991-08-13,62,2
276,Bendicty,McGeaney,Tenpenny,1995-02-23,21,3
277,Joby,Toop,O'Rudden,2014-08-05,23,2
278,Florrie,Widdowson,Claiton,2010-03-27,14,3
279,Monte,Sutherden,Dadge,2023-02-18,89,4
280,Quentin,Avory,Cod,2004-12-06,99,4
281,Erna,Holbie,Camilio,2012-05-07,96,5
282,Hieronymus,Soames,Laurens,2011-04-13,35,5
283,Son,Gregoratti,Margach,2013-11-20,92,4
284,Bari,Stanhope,Poundford,2003-03-06,36,1
285,Abel,Whimper,Santorini,1991-06-22,45,4
286,Marylou,Chenery,Wilmot,2009-02-13,67,3
287,Karlen,Couttes,Ubach,1993-02-06,8,4
288,Blondie,Ledwidge,Torbard,2017-05-30,38,1
289,Sven,Riep,Sanderson,2011-04-04,64,3
290,Garreth,Deerness,Niessen,2000-06-01,29,2
291,Cristi,Concannon,Scattergood,2019-02-01,49,3
292,Ursulina,Lount,Bickerstaff,1995-11-18,57,4
293,Ermina,Wynter,O'Cannovane,1991-08-04,26,5
294,Saudra,Swindle,Housbey,1993-11-05,5,3
295,Benson,Sueter,Caldaro,2016-10-20,79,5
296,Charmine,Gillio,Sheehy,2004-03-02,37,3
297,Cayla,Crewdson,Peare,1992-07-03,39,1
298,Lexy,Rate,Bolwell,2011-11-04,71,3
299,Nealy,Matthensen,Rosencwaig,1997-07-05,28,1
300,Durant,Dusting,Mote,2016-12-21,97,1
301,Kirby,Molnar,Giamelli,2002-11-11,80,4
302,Saxon,Fills,Kennifick,2012-01-20,42,4
303,Arda,Elder,Sooper,2015-04-05,52,4
304,Aldric,Arnow,Collet,2011-03-10,26,4
305,Rosemary,Keatch,Harteley,1999-12-28,31,3
306,Katlin,Hesbrook,Crossingham,2001-11-24,13,5
307,Ester,MacGillicuddy,Bott,2005-05-23,23,5
308,Sumner,Tamblyn,Gossan,1998-11-30,64,4
309,Merissa,Selcraig,Dulany,2011-09-05,8,1
310,Delores,O'Corrigane,Gingell,2012-04-13,18,5
311,Royall,Christofle,MacMurray,2007-04-17,68,5
312,Myron,Hartropp,Meach,2018-03-29,69,1
313,Skipp,Spikings,Chieco,1995-09-02,47,4
314,Glenn,Creak,Brice,2010-05-07,63,4
315,Vanda,Bennen,Grogona,1993-04-27,10,4
316,Kit,Powe,Castello,1999-02-11,60,1
317,Velvet,Papes,Trulock,1998-12-20,14,2
318,Tobit,Kitto,Georgins,2014-03-06,72,2
319,Bethena,Pauer,Craddock,2022-09-05,62,1
320,Merilee,Gibberd,Pardew,2011-01-01,77,1
321,Phil,Elleton,Leere,1999-11-25,39,1
322,Corabel,Munning,Vesque,2019-04-02,25,4
323,Stephie,Etienne,Jorg,2000-06-18,90,3
324,Christiane,Boom,Summerfield,2022-07-23,74,5
325,Hanna,Sabates,Crabtree,2013-01-10,94,4
326,Cymbre,Trimby,McGavigan,1993-02-12,81,1
327,Ferguson,Late,Schutte,2002-02-14,17,1
328,Marigold,Sher,Aspinal,1991-03-18,82,5
329,Wendall,Laughren,Aggus,2021-06-17,31,2
330,Lucilia,Pardue,Quade,2018-05-01,90,4
331,Perceval,Bonicelli,Lorkings,1991-12-07,53,5
332,Camille,Landall,Blabie,2011-02-08,36,3
333,Manon,Handman,Woolaston,2020-12-27,14,2
334,Ezra,Schruyers,Shambroke,2008-07-21,32,4
335,Kristopher,Spiller,Mixter,2002-07-13,29,1
336,Bessy,Gurry,Veillard,1992-01-12,19,4
337,Shawn,Goullee,Moralas,2003-11-22,71,2
338,Gerrie,Paule,Swinburne,1992-11-05,13,1
339,Catarina,Roseborough,Wethers,2003-03-12,61,5
340,Mari,Jessope,Mussotti,2007-02-28,51,2
341,Cordelia,Farre,Purkess,2007-10-13,21,4
342,Coraline,Shaxby,Emanuelov,1992-08-16,59,2
343,Keriann,Dudill,Saich,1999-05-16,71,5
344,Mahmud,Giacopetti,Gush,1996-06-12,7,5
345,Hephzibah,Vedmore,Batts,2002-07-15,58,4
346,Helyn,Rishworth,Morch,2013-06-24,80,5
347,Kellina,De Haven,Clementel,2016-11-15,39,1
348,Guillema,Dudin,Bawme,2019-08-24,31,2
349,Urson,MacGiffin,Feechan,2015-07-30,50,2
350,Barrett,Badham,Golda,2010-08-20,5,3
351,Vi,Garmon,Rothchild,2010-10-12,4,2
352,Lorin,Sabatini,Weymont,1992-09-01,7,2
353,Johanna,O'Lagene,Coultard,2013-10-05,33,2
354,Blayne,Blinder,Guilliatt,2011-06-03,17,5
355,Nil,Maclean,Piscopiello,1997-06-13,100,4
356,Dalila,Odom,Leftly,2003-03-28,27,5
357,Pearle,Wharrier,Rosle,1991-10-25,6,2
358,Vail,Chessil,Sennett,2015-10-22,65,2
359,Berkeley,Cape,Flea,2015-08-31,93,1
360,Jilly,Surfleet,Gamwell,2022-09-18,7,3
361,Gawen,Medcalfe,Branscomb,2003-02-22,85,2
362,Laurella,Balentyne,Lattin,2007-01-05,89,3
363,Daphna,Pomphrey,Furphy,2015-03-12,14,1
364,Janeta,Goodie,Staker,2022-09-28,74,4
365,Edvard,Hurn,Fulk,2006-07-18,6,2
366,Maximo,Grisbrook,Willcot,2010-04-01,18,4
367,Ellsworth,Hansman,Dooland,2000-01-03,64,4
368,Phylys,Clewlow,Drayton,2016-04-28,47,1
369,Nicolais,Revill,Saura,1996-04-24,62,3
370,Paten,Hassin,McGilvary,1997-05-11,33,4
371,Timotheus,Nevet,Caramuscia,2004-05-30,84,4
372,Daven,McErlaine,Anthoney,1998-01-12,35,1
373,Fiona,Iscowitz,Draco,2013-03-12,59,1
374,Ora,Bowhay,Druce,1991-10-27,10,5
375,Gayel,Gorgen,Giannini,1994-07-13,66,2
376,Debra,Sturdy,Bellenger,2011-04-20,4,5
377,Fey,Degoey,Fann,1993-05-04,83,3
378,Kelcie,Senogles,Skirling,2003-09-28,64,1
379,Bendick,Bakhrushin,Cannon,2001-01-06,39,3
380,Adler,Curtis,Davage,2011-04-08,40,1
381,Galina,Roads,Piggot,2001-01-11,68,3
382,Shirley,McCrachen,McCloud,2010-02-16,88,5
383,Garnet,Found,Maynard,2022-10-18,28,5
384,Noellyn,Strawbridge,Ditch,2003-09-14,39,4
385,Abigael,Chesters,Robarts,2004-11-05,40,3
386,Andree,Richings,Laroux,2005-04-17,33,5
387,Esra,Logesdale,Woller,1996-04-29,90,2
388,Rene,Rickersey,Buske,2018-10-25,81,2
389,Anette,Tryme,Chilley,2023-01-08,90,1
390,Fayette,Orton,Ryall,2010-01-04,45,1
391,Emlynn,Bigglestone,Winckles,2018-12-28,2,4
392,Ernesto,Trulock,Lidden,2002-07-21,87,3
393,Ira,Lindup,Riolfi,1993-04-01,94,4
394,Robby,Swinyard,Torrijos,1997-07-17,93,5
395,Mohammed,Swane,Kohnemann,1997-09-06,21,5
396,Neron,Such,Scherer,2000-01-18,52,3
397,Missy,Cleft,Snoding,2012-11-10,25,3
398,Hugo,Boch,Shearwood,1994-08-11,16,4
399,Marita,Degli Antoni,Kagan,2010-12-24,31,2
400,Pauli,Sobey,Hatfull,2004-10-25,15,5
401,Benoit,Lapwood,Aujean,1995-10-28,70,1
402,Beulah,Gaye,Ortas,1999-09-16,91,1
403,Patrizio,Gonsalvez,Redihough,1999-05-27,99,1
404,Madlen,Conway,Stirzaker,2015-06-30,63,3
405,Ardelle,Belderfield,Jannasch,2003-10-02,7,3
406,Tonye,Vasentsov,Stitch,2017-03-07,96,4
407,Maryellen,Parsand,Siuda,2013-05-05,38,4
408,Erl,Lapwood,Taysbil,2017-05-26,61,3
409,Ephrem,Bendtsen,Renner,2001-12-06,91,2
410,Maryl,Donnison,Greensall,2008-04-18,99,4
411,Biron,Boleyn,Binden,2011-10-24,2,3
412,Catie,Duckers,Worman,2006-02-21,70,5
413,Marti,Smallacombe,Medway,2018-08-26,32,5
414,Nataline,Stockey,Imison,1993-10-07,34,5
415,Nana,Skeemor,Dampier,2013-08-06,21,2
416,Merrel,Thurstan,Philippeaux,1994-02-08,28,3
417,Lenna,Stanley,Suarez,2018-08-02,97,1
418,Tad,Beardshaw,Patria,2020-12-21,43,3
419,Tiffanie,Swatland,Kewish,2013-10-25,1,3
420,Deeyn,Saer,O'Lochan,2006-05-06,87,1
421,Klement,Doll,Jennins,2011-11-08,16,2
422,Hector,Mapes,Iannelli,2018-11-06,39,3
423,Traver,Belin,Anfosso,2003-01-08,49,3
424,Francene,Dietz,Varfalameev,2021-07-28,47,5
425,Bentlee,Yateman,McInnes,2000-08-08,78,5
426,Hadley,Turone,Griswaite,2022-01-14,93,2
427,Annemarie,Dunican,Kivell,2014-06-04,42,5
428,Elliott,Nudde,Force,2010-12-11,26,5
429,Emmanuel,Gwillyam,O' Donohue,2011-09-29,87,2
430,Emmett,Kerner,Duny,2012-12-11,59,4
431,Kincaid,Kauscher,Laraway,1991-09-12,66,5
432,Zoe,Heino,Prosh,2008-07-26,17,1
433,Haroun,McIllroy,Wetherell,2003-12-28,6,2
434,Bill,Goundrill,Shewring,2007-12-21,19,1
435,Rutger,Crocetto,Antonat,2001-03-27,39,4
436,Billye,Matthensen,Sully,1994-04-23,36,1
437,Jeane,Jullian,Hickisson,1998-08-08,22,4
438,Zorine,Allett,Kinnon,2007-10-07,8,1
439,Vivie,Plevin,Ciementini,2020-02-02,1,4
440,Giordano,Sydes,Kirk,2021-04-11,99,4
441,Wilma,Burbridge,Nottram,2018-09-27,53,3
442,Regen,de Courcy,Flieg,1995-01-20,48,4
443,Sapphira,Mullaney,Stainton - Skinn,1998-12-28,6,5
444,Annadiane,Brimmell,Basek,2012-01-19,40,2
445,Gearard,Corkish,Scotford,2002-10-04,23,1
446,Catina,Wreak,Oldershaw,2002-11-24,91,1
447,Piotr,Soreau,Lagneaux,2019-09-19,56,3
448,Angele,Bonnyson,L'Hommeau,2004-01-29,37,2
449,Bink,Redon,Bucktharp,2003-07-01,24,2
450,Barbie,Zold,Oliphant,1994-01-22,47,3
451,Daveen,Petricek,Barby,1999-04-21,78,1
452,Matias,Waldren,Binner,2014-05-22,51,1
453,Berk,Jeaves,Ruprich,2018-05-10,29,5
454,Phyllis,Kleinlerer,Sherrin,2015-06-07,75,4
455,Carlie,Covill,Nemchinov,1995-03-18,67,5
456,Kingsly,Reding,Laidler,2019-09-10,15,4
457,Camille,Milberry,Mellem,1995-02-19,89,3
458,Rouvin,Eales,Greenleaf,2012-01-01,18,3
459,Sylvia,Shord,O'Loughnan,2014-01-07,51,1
460,Saunders,Goward,Owenson,1995-07-27,23,4
461,Lusa,Brimicombe,Simeoli,2017-05-03,67,5
462,Pascal,Toppas,Loynton,2008-02-26,44,2
463,Kathryn,Ryce,Paolini,1991-04-03,95,4
464,Eulalie,Klimkov,Copozio,1994-01-13,11,3
465,Darren,Willock,Pethick,1991-12-05,100,5
466,Nevin,Birtles,Alchin,2018-07-01,67,2
467,Sherwin,Saltman,Lilley,2001-02-20,56,3
468,Norbie,Dami,Crotty,2018-10-06,49,1
469,Clarence,Aldrin,Berrigan,1999-06-15,59,4
470,Federico,Forestall,Mantrup,2008-12-27,74,1
471,Ranice,Keavy,Thain,2006-06-27,94,4
472,Godfree,Giblin,Loughlin,1996-07-11,83,1
473,Barbaraanne,Bumford,Stambridge,2005-02-16,44,1
474,Heda,Drewry,Brahm,1997-01-06,90,5
475,Gavra,Steer,Ashborne,1994-07-18,52,1
476,Danika,Phillippo,Whellans,1992-11-11,76,2
477,Farris,Hicken,Quilliam,1998-12-05,36,4
478,Edwina,Rheaume,Clee,2000-07-10,48,2
479,Inna,Menel,Canero,2014-06-26,32,1
480,Kaile,Jankiewicz,Haslin,1993-12-31,15,1
481,Kerry,Markham,Wayt,2010-01-23,1,5
482,Winfield,Simenot,Giacoppo,2005-07-22,9,2
483,Cordy,Giorgiutti,Swainson,2001-11-17,37,3
484,Gaile,Tolossi,Kent,2020-04-26,31,3
485,Jeddy,Verity,Steward,2010-04-11,5,3
486,Leonhard,McIlreavy,De Robertis,2001-08-05,40,3
487,Dasya,Scrigmour,Jakubowski,2008-01-20,59,1
488,Humphrey,Gudgin,Belle,1997-04-19,3,4
489,Rubia,Halesworth,Belcham,1995-05-20,43,1
490,Jewelle,Gaven,Carress,2005-08-28,92,4
491,Valentijn,Bullus,Cortin,2021-10-30,22,2
492,Frants,Shadrack,Dallosso,2010-12-22,92,3
493,Ofella,McKerley,Gonzalo,2001-03-04,5,1
494,Sigfrid,Jahndel,Sherwood,2013-12-16,29,4
495,Matthiew,Allward,Folley,1995-10-25,100,4
496,Abbot,Sheron,Bartoszewski,1992-12-07,29,1
497,Marcelle,Broske,Headech,1998-08-29,96,5
498,Cesya,Tanser,Pirrey,2017-04-17,97,3
499,Padget,Pring,Such,2018-07-29,47,5
500,Putnem,Agnolo,Anthonsen,1993-02-17,7,4
501,Tybalt,Mc Pake,Rablin,2005-02-06,88,3
502,Serena,Comport,Hackworthy,2000-12-31,61,5
503,Nye,Riccio,Beneyto,2010-07-17,46,3
504,Willyt,Tulip,Maffione,2001-03-17,53,2
505,Lurette,Malin,Dunsmuir,2019-10-17,71,4
506,Lew,Clerk,Lotherington,1995-12-05,10,1
507,Stacie,Catterill,Lloyds,2001-03-03,26,2
508,Pedro,Darlington,Winslade,2012-12-16,38,5
509,Rancell,Thames,Slesser,2001-01-13,51,3
510,Conant,Spraggs,Yakushkin,2016-11-14,74,5
511,Ingaborg,Roseby,Rankmore,2000-06-09,67,1
512,Xever,Riglar,Hegley,2022-06-16,55,5
513,Misti,Paraman,Krelle,2012-09-19,41,2
514,Brennan,Coupman,Menauteau,1999-03-04,28,1
515,Lucien,Wrinch,Bagg,1998-02-13,2,5
516,Sophey,Greenhouse,Edmans,2021-03-28,66,5
517,Ashla,Etches,Chadbourne,1995-11-07,52,4
518,Scottie,Bridges,Pawlick,2002-12-18,63,4
519,Conney,Trattles,Curragh,1991-09-27,6,4
520,Jard,Glasman,Bracken,2007-08-04,87,5
521,Jacquelin,Ibel,Cordeau],1999-03-21,42,2
522,Julia,Di Franceschi,Niblett,1997-07-24,61,4
523,Bertram,Pusey,Tuckley,2001-09-23,10,5
524,Haslett,Stoving,Gorst,1994-04-15,44,5
525,Celle,Checkley,Maudlin,1991-05-26,97,4
526,Maryrose,O'Mohun,Schukraft,2018-09-13,100,1
527,Seymour,Swanwick,Feldmark,1997-09-15,77,1
528,Ilaire,Gillani,Boam,2021-08-18,82,2
529,Eudora,Mitchell,Fullerd,1993-01-03,74,3
530,Elwin,Ring,Finicj,1994-06-10,46,4
531,Zabrina,De Vere,Folkerts,2001-01-31,71,3
532,Halsy,Flexman,Jeynes,2011-05-10,36,1
533,Mora,Gaw,Gage,1992-05-21,3,3
534,Lauren,MacLese,Measures,2010-12-08,86,4
535,Cherie,Livingstone,Caspell,2012-01-31,11,4
536,Josi,Colthurst,O'Sherrin,2003-09-23,50,5
537,Corbin,Cissell,Kembrey,2022-09-18,80,4
538,Kendricks,Dobbson,Benediktovich,2021-04-04,52,5
539,Melessa,Skin,Maberley,1992-12-10,33,2
540,Edmon,Dalgarnocht,Butt,2014-12-23,43,2
541,Rosalind,Cricket,Filchakov,1997-11-12,15,1
542,Paola,De Dei,Rudloff,2012-05-28,16,3
543,Meg,Gillio,Von Der Empten,2011-03-13,10,2
544,Burnard,Jeremiah,Dashkov,1999-10-01,54,5
545,Bank,Monksfield,Bygott,2020-01-04,55,1
546,Darlleen,Northcliffe,Aindriu,1997-11-07,41,1
547,Leupold,Divver,Allonby,1996-09-25,15,4
548,Stephine,Faulconer,Carrane,2004-07-27,72,5
549,Albina,Fawdrie,Sandbrook,2021-09-24,96,4
550,Francyne,Pigden,Hurleston,2019-04-30,14,5
551,Katie,Nutkin,Arens,2019-10-25,54,3
552,Marena,Haisell,Dawes,2005-08-03,27,5
553,Rosetta,Ubee,Abramovic,2010-05-10,14,3
554,Harlie,Oloshkin,Suggate,2001-05-30,36,3
555,Chicky,Lounds,Barczewski,2011-10-29,24,1
556,Denver,Attiwill,Bilston,1992-11-17,59,3
557,Tabina,Baggallay,Pettendrich,2018-04-16,62,3
558,Shermie,Manton,Mannakee,1993-10-19,53,1
559,Valdemar,Bradley,Menault,1999-04-15,69,1
560,Jermayne,Streak,Anderson,2010-02-01,97,4
561,Isa,Ashness,Mallabon,2005-02-09,57,2
562,Ardella,Welbrock,Dovermann,1994-02-16,23,1
563,Agathe,Clayfield,Bromwich,2012-10-30,80,1
564,Ramsay,Lusty,Trahear,1991-05-18,85,3
565,Alard,Wicks,Southouse,2019-12-30,20,2
566,Kip,Joule,Livingston,2021-07-29,41,1
567,Verile,Ramme,Broadey,2003-05-30,11,5
568,Rosalind,Twinbrow,Gerardot,2001-05-13,46,3
569,Astrix,Milius,Catterell,2009-09-04,8,4
570,Devin,Kinnaird,Paterno,1996-03-23,28,4
571,Etti,Bisterfeld,Treffrey,2022-01-16,74,5
572,Cos,Peplay,Roney,1998-05-04,48,1
573,Denice,Dyzart,Eyam,2009-08-10,85,4
574,Idelle,Biner,Gifkins,2007-08-06,9,3
575,Missy,Swabey,Walter,2007-09-23,68,2
576,Tony,Challiss,Cockell,1991-06-28,35,3
577,Kellen,Plevey,Snedker,2011-04-13,91,5
578,Renie,Greenmon,Helliker,1996-09-24,40,3
579,Renaldo,Offener,Knowlman,2014-09-03,24,5
580,Conney,Kelso,Molan,1998-12-28,24,3
581,Rani,Merrall,Wightman,1992-06-18,94,1
582,Eudora,Whale,Sheards,2004-08-25,94,1
583,Joanie,Goroni,Shearsby,1991-03-28,92,5
584,Pennie,Everitt,Beaudry,1999-04-03,77,2
585,Astrid,Benda,Boulton,2006-05-12,15,1
586,Ross,McGeachy,Bootell,1998-08-20,23,1
587,Bernarr,Fetherstone,Corington,1992-07-21,64,1
588,Jemmy,McEntagart,Pledger,1994-10-25,91,5
589,Tod,Rudeyeard,Lemmen,2012-12-05,16,5
590,Meg,Rounds,Klishin,2001-08-06,12,2
591,Esme,Shovell,Myrie,2021-09-17,92,2
592,Erv,Tuff,Annand,2017-12-21,44,5
593,Josias,Crennan,Ferran,2007-04-03,37,1
594,Tobiah,Mensler,Gatling,2018-06-19,98,4
595,Abbey,Sirmon,Reubel,2008-03-27,97,2
596,Aimee,Lapworth,Kilbey,2019-03-29,53,4
597,Mariette,Partrick,Heugel,2006-09-04,8,1
598,Stanley,Madre,Leddy,2021-05-15,66,4
599,Heda,Haslum,Banbrigge,2022-04-07,91,3
600,Mathian,Awton,Fawke,2019-03-08,64,1
601,Hadleigh,Cozby,Willison,2006-05-09,31,4
602,Nichole,Castri,Mullaly,2003-09-24,93,4
603,Gonzales,Siddele,Challicombe,1993-04-22,61,3
604,Chiarra,Medlin,Durrington,2023-10-12,59,1
605,Preston,Radage,Hazelhurst,2000-07-01,2,1
606,Hortensia,Hullin,Haistwell,1997-08-17,44,1
607,Chauncey,Di Lucia,Kolinsky,1998-04-12,11,4
608,Clywd,Gooderridge,Whitwood,2010-09-11,22,3
609,Iolanthe,McVey,Crust,2001-04-29,18,3
610,Chickie,Eveling,Dreinan,2014-04-08,43,1
611,Rolph,Dunbobbin,Sacco,2010-11-26,94,3
612,Aluin,Lamerton,Emmins,2021-10-09,71,5
613,Bartel,Darlasson,Arnold,2008-04-23,5,3
614,Gram,Lambe,Connew,2003-01-16,27,4
615,Joelle,Verrechia,Gadsby,2020-08-20,95,4
616,Gerry,Ajsik,Heyball,1993-03-24,66,2
617,Shelden,Zaczek,Digges,1991-10-09,37,4
618,Russ,O'Neill,Sayce,1991-01-25,68,1
619,Cathrine,Jeandel,Kee,2022-06-03,77,3
620,Emalia,Radbone,Boddy,2003-08-06,73,4
621,Anson,Heis,Kraft,2009-02-14,84,3
622,Mark,Lillgard,Massey,2002-03-22,91,2
623,Morgan,Riguard,Clingan,2002-07-23,20,2
624,Carlynne,Kipling,Langrish,2016-06-30,16,5
625,Claybourne,Currall,Bines,2016-02-18,92,5
626,Casar,Walkingshaw,Calwell,1993-12-21,18,4
627,Anestassia,Bumpus,Prose,2017-02-18,29,3
628,Lyn,Whenman,Martinovic,2002-04-14,59,5
629,Gustave,Ondra,Jirek,1998-09-22,30,2
630,Ree,Woolard,MacGray,2018-01-04,2,2
631,Vin,Quadling,Mussington,2000-05-27,41,5
632,Annabella,Bentjens,Wibrow,1999-03-04,84,1
633,Mavis,Mannakee,Coundley,1995-01-23,46,2
634,Winnah,Felten,Andreini,1999-06-16,86,4
635,Greer,McDonnell,Volkers,2021-10-16,49,5
636,Maurice,Simeone,Marthen,1991-11-04,67,5
637,Latrena,Dougliss,Kent,2009-10-24,32,5
638,Orelie,Drynan,Tokley,2015-03-06,42,1
639,Shaylah,Dursley,Linnett,2009-05-02,69,2
640,Elmore,Rechert,Sanderson,1991-01-22,13,2
641,Tara,McManamen,Lindberg,2008-04-09,20,2
642,Gerik,Gauntlett,Deshon,2022-05-15,4,2
643,Ellene,Bruneton,Torn,2012-12-01,64,4
644,Madelaine,Heasley,Sivier,2022-11-02,8,2
645,Burtie,Havik,Thredder,1991-12-26,58,1
646,Sib,Mantz,McNess,2023-03-31,43,2
647,Hendrick,Daykin,Matteuzzi,2018-12-13,14,5
648,Brantley,Hassard,Jaslem,2014-10-08,52,1
649,Addi,Jermey,Wisedale,1995-07-14,25,4
650,Junette,Dewis,De la Barre,2010-03-24,100,5
651,Aileen,Jorge,Jereatt,1991-09-21,5,4
652,Tally,Cater,Gisby,1995-02-17,86,2
653,Innis,Dunsmuir,McLaren,1999-11-16,72,2
654,Elijah,Jills,Platfoot,2000-05-14,95,1
655,Allie,Budgett,Tytherton,1993-03-18,57,5
656,Marshall,Bernlin,Symonds,2012-08-26,71,5
657,Hill,Volonte,Ygou,2007-03-10,11,4
658,Cathleen,Keynes,Meininking,2015-12-31,1,4
659,Cherilyn,Barizeret,Roggero,2022-06-04,7,3
660,Rycca,Readhead,Glaserman,2012-04-06,20,3
661,Evita,Nanni,Bowmen,2013-10-10,34,4
662,Ab,Townsend,Spofford,2015-08-07,48,3
663,Tiphany,Elias,Worthington,2019-08-07,100,1
664,Kin,Fer,Seaman,2008-09-15,35,5
665,Jamison,Godfray,Pedlar,2020-11-21,40,1
666,Daffy,Pinyon,Newman,2015-03-30,90,3
667,Pier,Deighton,Bousquet,2023-05-21,40,1
668,Vally,Bucktrout,Swainsbury,1994-09-22,57,4
669,Rafaela,Kobke,Kingswoode,2010-12-11,45,4
670,Katharyn,Verrill,Pionter,2004-12-20,14,1
671,Sadye,Lowsely,Leak,1992-04-06,12,3
672,Magdalene,Airds,Joll,2015-03-29,96,5
673,Aluin,Goodie,Azemar,2004-06-06,10,4
674,Fay,Darch,Alpin,2012-07-19,68,4
675,Marleah,Cochrane,Abbets,2015-07-17,64,3
676,Jacki,Cund,Damsell,2020-07-26,6,3
677,Atalanta,Murkus,Heinzel,2002-08-14,43,3
678,Moritz,Loreit,Elsmor,2016-09-03,11,1
679,Ichabod,Sammon,Dake,1998-01-13,22,4
680,Karlotta,Duthy,Clace,1992-07-08,37,2
681,Nancie,Brownsell,Brownsell,2014-04-01,38,2
682,Sonny,Easman,Josovich,2004-10-14,1,5
683,Maisey,Quadri,Edkins,1997-07-21,97,3
684,Herta,Kastel,Lutman,2003-03-06,88,1
685,Markus,Alderwick,Christophers,2004-03-28,26,1
686,Salvatore,Belf,Riccelli,1997-03-03,91,5
687,Yvette,McSkin,Edgeley,2007-03-21,67,5
688,Meyer,Shortell,Bravey,2008-05-12,57,4
689,Ofilia,Notman,Peller,2012-05-22,84,4
690,Carey,Bohills,Shane,2001-05-17,20,4
691,Dugald,Rizzardi,Shiel,1999-08-10,6,1
692,Janean,Cottel,Streeting,2001-07-21,58,4
693,Carolynn,Sprason,Cartwright,2002-09-06,67,4
694,Zora,Donativo,Mattke,1996-06-13,68,5
695,Aurelia,Cutcliffe,Golightly,2023-03-21,87,2
696,Dagny,Pentland,Scardafield,1997-07-29,22,3
697,Anna,Adamsky,Hold,2016-12-27,3,2
698,Bryn,Lambourne,Crookall,2019-01-18,33,4
699,Sheeree,Muirhead,Cocksedge,2012-11-05,34,4
700,Fitzgerald,Brislawn,Nassau,1992-07-11,54,1
701,Quintina,Karpman,Dallyn,1991-01-08,71,1
702,Carrol,Ludee,Neles,1996-08-29,97,3
703,Lindsy,Gori,Webbe,2000-07-09,71,2
704,Farand,Hoult,Conner,2021-06-01,9,2
705,Lambert,Petticrow,Fawke,2014-12-24,19,1
706,Siegfried,Virgoe,Bausmann,1994-07-22,98,3
707,Tallie,Lower,Zamorrano,2012-12-24,24,4
708,Gordie,Ketteridge,Gallagher,1994-06-12,52,5
709,Lurline,Vinck,Rubega,1992-09-23,22,2
710,Dianna,Delafoy,Middle,1994-05-09,60,4
711,Ileana,Prisley,Alvares,1996-08-25,29,3
712,Hazel,Stannett,Andor,1992-06-19,4,4
713,Trudie,Bramble,Vankeev,2012-09-28,33,5
714,Bili,Powderham,Rhyme,1995-04-28,4,4
715,Ardith,Farquarson,Hyman,2022-04-20,55,4
716,Simona,Voce,Baines,2023-10-22,8,1
717,Godart,Gutherson,Fuggles,2006-02-08,85,3
718,Humfrey,Marlor,O'Hannigan,1992-01-20,35,3
719,Edita,Buckthought,Shearn,2003-11-02,22,4
720,Amitie,Rosie,Arnow,2017-12-30,64,3
721,Ulrike,Morson,Loughney,2003-05-07,57,3
722,Alford,Fearfull,Mowson,1995-05-20,63,2
723,Gaylord,Fishburn,Timmons,1998-04-20,33,1
724,Jeremias,Strike,Jatczak,2006-03-18,33,2
725,Joann,Bygreaves,Yedy,2006-11-10,56,5
726,Kyla,Lambal,Brimming,2012-10-27,75,1
727,Wylma,Torpie,Saby,2009-09-04,18,4
728,Roseline,Moseby,Dovinson,2019-12-18,4,5
729,Abeu,Oldale,Jumel,2004-05-03,25,3
730,Miller,MacGinney,Naris,1996-10-21,6,1
731,Kris,Philliphs,Lemoir,1993-04-03,70,1
732,Harriot,Ayto,Willets,2017-12-13,13,5
733,Alyosha,Teodorski,Settle,2005-01-22,72,1
734,Nickolaus,Renison,Ringwood,2016-07-08,10,5
735,Kerk,Nell,Joinsey,2016-10-29,50,1
736,Phoebe,Pickworth,Romanin,2001-05-02,48,1
737,Lettie,Gooday,Tommaseo,1992-09-25,72,5
738,Ossie,Catonne,Spendley,2010-06-10,63,2
739,Starlin,Gonsalo,Draisey,2016-04-15,30,4
740,Coleen,Sworne,Mithan,2003-03-01,28,4
741,Barnett,Hasluck,Blincoe,2008-12-09,3,1
742,Lurleen,Kynder,McCourt,1999-09-17,20,3
743,Norton,Fagan,Yerrington,1992-08-26,73,3
744,Holly,Foskin,Vaughn,1997-05-10,9,2
745,Rollie,Melchior,Satterley,1992-12-18,77,1
746,Miquela,Lazenbury,Feenan,1992-06-28,39,3
747,Margret,Baudain,Besque,1997-05-20,56,2
748,Barby,Martynka,Peerman,2015-07-06,65,1
749,Anette,Anderl,Kulvear,2017-05-25,44,5
750,Rahal,Kaine,Cohr,2000-06-03,21,2
751,Bryanty,Cuffe,Maxwaile,2003-08-02,1,4
752,Kelly,Drohun,Petranek,2023-11-16,40,3
753,Kaitlynn,Durrell,Pryke,2023-03-17,29,5
754,Fiann,todor,Gewer,2023-12-08,50,2
755,Ninnetta,Burvill,Ovize,1996-06-24,19,2
756,Fulvia,Hannen,Perott,2009-03-12,68,4
757,Rocky,Brashier,Janik,2019-06-21,80,5
758,Giordano,Escofier,Bernath,2013-12-31,77,3
759,Chaddie,Robardey,Shilleto,2012-08-27,40,1
760,Leeanne,Sollas,Ambrosi,1996-05-24,29,3
761,Alfons,Clover,Bruckmann,2015-04-22,51,1
762,Catherina,Millins,Hayes,2020-09-02,50,5
763,Raoul,Wilmore,Thurstance,2011-12-30,61,1
764,Damiano,Petrasch,Kaasmann,2014-08-18,100,5
765,Kristina,Zisneros,Ivchenko,2000-07-14,80,3
766,Etienne,Attfield,Ahearne,1992-07-05,24,4
767,Niko,Thompsett,Andreou,2009-02-13,44,3
768,Wolfie,Merrell,Furniss,1995-10-03,7,4
769,Field,Kellough,Kleinplac,2012-01-19,20,2
770,Darius,Kirley,Braidwood,2012-03-30,40,2
771,Brandea,Marder,Jodkowski,1998-01-04,39,2
772,Bordy,Dericut,Bruins,2007-07-18,18,4
773,Burgess,Sikorski,Waples,2002-03-30,71,1
774,Prinz,Roblett,Adolthine,1992-01-23,46,5
775,Pablo,Weinberg,Waud,2011-03-20,20,3
776,Lothario,MacChaell,Halsted,2008-01-02,48,5
777,Morena,Jones,Stallibrass,2004-07-18,21,1
778,Tammy,Klemmt,Feaveryear,1998-07-14,15,3
779,Esteban,Featherbie,Spracklin,2022-04-25,26,1
780,Jeniece,McCarlie,Aksell,2001-10-31,26,1
781,Gabi,Metcalfe,Strachan,2016-03-29,51,4
782,Christian,Hollidge,Moffett,1992-12-03,80,2
783,Desdemona,Alday,Gatley,2007-04-09,80,2
784,Eran,Faley,Queste,2023-11-04,59,5
785,Sutherlan,Kirwan,Fritche,1996-09-30,8,2
786,Horton,Dachey,Chattell,2020-03-30,33,4
787,Dulcine,De Bernardis,Cars,1992-06-25,29,5
788,Reynard,Colliar,Aslott,2009-03-30,80,5
789,Deck,Seabridge,Berk,2009-03-05,60,4
790,Simon,Fridlington,Wrettum,2022-12-20,46,2
791,Aeriela,Dodswell,Doy,2016-07-13,93,2
792,Gabie,Bolzen,Pauley,1991-12-11,26,2
793,Scarface,Diggin,Fotherby,1993-04-22,87,3
794,Vera,Downs,McClaren,2000-10-28,50,4
795,Vic,Drysdale,Graybeal,2019-05-08,11,1
796,Catarina,Ebbutt,Banasevich,1996-10-27,59,2
797,Yancy,Dauney,McGinly,1999-08-14,58,1
798,Ripley,Plowright,Kinnear,1999-01-28,81,1
799,Hattie,Gaitung,Hastie,2022-06-10,20,2
800,Atlante,Strippling,Degoey,1995-11-20,83,4
801,Lynett,Grubey,Sayer,2010-10-15,30,4
802,Ricky,Leate,Jendrusch,2019-08-20,65,5
803,Raye,Bread,Rasp,2006-04-17,86,5
804,Stacey,Grunbaum,Gutcher,2020-09-01,81,1
805,Damara,Lacer,Coupe,2008-12-23,30,4
806,Ricki,McTurk,Caulwell,2012-09-15,43,4
807,Dody,Gammon,Slocomb,2012-07-12,46,3
808,Sisely,Delamaine,Belitz,2009-10-31,3,5
809,Gregg,Twamley,Di Maggio,1996-11-12,46,4
810,Gaylord,Saladino,Aikenhead,2018-02-05,78,2
811,Francklyn,Werrilow,Brendeke,1998-12-16,25,3
812,Leah,Male,Barrett,2017-06-11,5,4
813,Clark,Duchasteau,Glassup,2006-05-08,44,4
814,Lauraine,MacDougal,Drakers,2021-08-26,46,1
815,Bliss,Sirman,Trobridge,1992-07-06,88,1
816,Tuck,Iannello,Yearsley,2018-04-04,6,3
817,Laurence,Cripwell,Rowatt,2007-04-10,62,5
818,Maje,Bathersby,Benoey,2018-02-22,59,5
819,Norine,Windeatt,Blyden,2012-01-31,59,2
820,Hugibert,Sharrem,Harrington,2020-05-17,92,2
821,Curry,Dakhov,Neem,1996-08-21,68,5
822,Mamie,Earsman,Abthorpe,1991-03-11,20,4
823,Raffaello,Whybray,Tokell,2008-06-28,44,4
824,Hillery,Welton,Ruzicka,2006-05-02,99,1
825,Lorianna,Gogan,McFade,2000-03-27,84,3
826,Norene,Geach,Schubart,2021-12-24,65,1
827,Theo,Lethem,Mallan,1992-10-08,92,1
828,Joice,Godwyn,Martell,2010-10-14,67,3
829,Trip,Bather,Schimke,2015-11-03,60,4
830,Kirbie,Burgoin,Noto,1994-06-07,39,4
831,Alastair,Dallinder,Ferrea,2003-10-05,13,3
832,Flory,Joynes,Jouen,2001-06-01,97,5
833,Petr,Geekie,Erik,2014-06-26,56,5
834,Nicholle,Lyford,Francesc,2018-07-10,43,2
835,Margery,Cleaton,Speerman,2000-06-15,98,4
836,Georgie,Saddleton,Beney,2007-05-18,77,4
837,Gardy,Cagan,Barbe,1994-09-05,57,2
838,Dulce,Balcers,Hyne,2021-08-17,15,1
839,Stanton,Hammersley,Lowing,1994-07-20,76,4
840,Tedd,Pym,Blindermann,1995-09-08,75,2
841,Gay,Dahlbom,Britner,2020-10-25,94,1
842,Bartholomeo,Baser,Casburn,2012-05-10,5,5
843,Thornie,Dabnor,Atkins,1995-07-20,81,1
844,Tybalt,Glavias,Dutt,2022-07-07,88,2
845,Ewart,Thew,Cregin,2021-08-12,12,5
846,Ashley,Boatwright,Trowel,2008-03-08,41,3
847,Teddie,Trinke,Curteis,2003-01-19,81,3
848,Wernher,Raden,Simmonds,1991-05-23,72,3
849,Ericha,Jane,Poole,2020-02-02,60,5
850,York,Bowlands,Rowan,2018-02-18,23,5
851,Celestina,Jurzyk,Glowach,2007-02-19,66,4
852,Appolonia,Holliar,Sarfass,2019-01-07,14,5
853,Ardelle,Pietruschka,Gonthard,2011-05-31,62,5
854,Gerome,Boeter,Maplethorp,2019-06-10,19,4
855,Cristal,Petroselli,Akester,2009-02-09,9,1
856,Janith,Rowell,Domke,2000-01-21,13,1
857,Vernen,Alessandrucci,Spurdon,1995-03-27,52,2
858,Efren,Glidder,McRill,2015-03-21,49,1
859,Star,Mum,Kaines,2020-10-06,49,5
860,Seumas,Blackborn,Leifer,2022-08-06,60,2
861,Tami,Pepin,Rydeard,1992-04-29,36,5
862,Ardelia,Coveney,Tuppeny,2005-10-20,31,4
863,Branden,Critzen,Van Geffen,1998-12-27,97,2
864,Pamella,Badsey,Feaver,2023-05-02,88,4
865,Sam,Dunnan,Tatteshall,2003-06-04,65,3
866,Melvin,Farrah,Luberti,2006-03-11,31,1
867,Lucas,Strute,Salatino,2008-02-16,2,4
868,Herculie,Plumb,Matteoni,2014-07-14,13,5
869,Claude,Osselton,Kitcatt,1993-12-13,61,4
870,Shirlee,Lardge,Hendron,1992-12-17,14,2
871,Tracy,Eden,Muzzillo,2000-09-01,13,2
872,Neddy,Escale,Cornelisse,2001-11-17,71,1
873,Gabriellia,Brodley,Aloshkin,1992-06-02,51,2
874,Gibbie,Wakefield,Martusewicz,2009-02-16,79,2
875,Sebastien,Edensor,Klimentyonok,2013-06-02,8,2
876,Yurik,Thow,Dightham,2004-06-19,44,1
877,Hershel,Weale,Trevenu,2019-12-10,25,5
878,Morganica,Smallsman,Prozescky,2016-08-18,9,3
879,Irina,Gherardini,Byng,2006-09-24,9,3
880,Kirsti,Symmers,Skepper,2016-11-17,37,1
881,Davidson,Nafziger,Rameau,2021-07-29,42,1
882,Trix,Dixey,Halston,2017-06-15,3,1
883,Lura,Foulis,Semble,2008-11-05,24,1
884,Tobie,Kalisch,Heeran,2014-03-07,7,3
885,Jaymee,Bromley,Crook,2007-06-18,76,4
886,Sheff,Wakeman,Charlet,2000-01-08,100,1
887,Andy,Heintsch,Sowrah,2008-06-07,63,1
888,Annabela,Burford,McCrainor,1999-11-18,99,1
889,Guendolen,Clutram,Embury,2011-10-19,20,4
890,Fernandina,Petters,Crielly,2007-09-27,99,1
891,Benjamin,Chambers,Maletratt,2015-06-18,73,2
892,Shayne,Lemon,Rosenfarb,1998-11-30,69,3
893,Vittoria,Bartrap,McCrachen,2021-03-14,96,4
894,Agatha,Magauran,Licciardo,2019-05-06,88,5
895,Portie,Gaine of England,Chevin,2007-03-02,20,2
896,Emalee,Glowacha,Wilkins,1999-12-07,28,4
897,Ainslee,Rosie,Gajewski,2014-12-06,27,2
898,Nicholas,Tuffley,Ditzel,1998-08-17,83,3
899,Blake,Broadfield,Abramcik,1994-06-29,11,4
900,Genia,Pearn,Phizakarley,2003-05-28,64,3
901,Corbin,Dreigher,Crellin,2000-09-10,31,2
902,Jen,Lacoste,McRoberts,2016-10-30,63,3
903,Ivory,Senchenko,Niesel,2021-11-26,1,1
904,Dierdre,Treadway,Esche,2015-05-07,13,5
905,Susanne,Sheppey,Rowsel,2018-10-02,80,5
906,Reine,Gaskamp,Petel,1994-03-29,14,2
907,Gerianne,Howden,Hastelow,1997-06-26,47,5
908,Raffaello,Burgwin,Skain,1997-01-20,59,4
909,Jerald,Shucksmith,Chstney,1995-09-29,26,1
910,Mignon,Sowle,Hanington,2005-11-19,73,1
911,Cliff,Calley,Balmforth,2023-04-20,67,2
912,Klara,Portlock,Torel,2010-01-12,62,1
913,Deana,Style,McGovern,2017-06-10,79,5
914,Melicent,Alcido,Sigars,2017-08-06,11,5
915,Othilie,Sharrocks,Garci,2004-08-08,41,2
916,Emlen,Prosch,Fantone,1994-01-17,95,4
917,Yurik,Mattecot,Dalgety,2018-06-08,7,4
918,Gram,Falkous,Tooher,2003-01-23,100,5
919,Billy,Ranshaw,Messenbird,2021-07-14,48,1
920,Thibaud,Parade,Grishenkov,2019-12-25,89,2
921,Phillip,Shoulder,Eastabrook,2004-10-20,36,3
922,Carney,Ansell,Brickstock,2021-04-27,18,2
923,Callie,Dullard,Liveley,2006-11-13,44,5
924,Maximilianus,Matis,Arnaldy,2012-01-04,88,2
925,Jacinta,Leacy,Fotherby,1991-09-14,76,4
926,Kerrie,Ellsom,Scotchmer,2001-10-09,11,4
927,Bernard,Brickwood,Buckhurst,2007-02-27,90,1
928,Yolande,Ruthen,Djurkovic,2018-08-09,72,5
929,Gabbie,Cosslett,Ciccotto,2004-08-26,66,3
930,Lynea,Molyneaux,de Broke,2021-10-01,24,2
931,Reinaldos,Telling,Parman,2004-12-12,25,1
932,Jodee,Vause,Casazza,2007-01-12,84,4
933,Wandis,Glencorse,Greir,2005-10-15,62,1
934,Renault,Hawken,Castagneto,1994-01-24,63,1
935,Jacintha,Linnemann,Meah,1992-01-09,68,2
936,Joanne,Gresch,Tree,1996-03-27,86,3
937,Moises,Stoyell,Eccott,2020-02-10,22,1
938,Karlie,Bryde,Skrines,2000-05-02,4,5
939,Holli,Brundall,Olive,1991-08-20,16,5
940,Kyrstin,Milborn,Heddan,2021-01-25,79,1
941,Darcie,Manneville,Braybrook,1994-07-09,36,4
942,Celeste,Zebedee,Rowantree,2009-07-30,91,3
943,Kalindi,Keilloh,Primarolo,2003-05-12,89,1
944,Broddie,Renton,Brachell,2010-02-03,61,4
945,Hy,Radclyffe,Bloxam,1993-01-02,75,3
946,Hewe,McEnteggart,Abley,2013-01-20,4,3
947,Leonore,MacGahy,Bucktharp,1998-04-09,22,3
948,Hallsy,Hassent,Royste,1997-04-19,93,2
949,Genovera,Carress,Cerman,2010-11-04,97,4
950,Fax,McLucas,Bracken,1992-07-02,75,5
951,Jeramey,Greenless,Davison,2009-05-26,2,3
952,Tymothy,Streat,Hurne,1995-09-08,68,2
953,Osmund,Caisley,Widmore,2020-04-23,53,3
954,Tracey,Ruberry,De Paoli,2017-01-04,5,2
955,Vergil,Kerrane,Coop,1998-02-09,27,1
956,Rolando,Castletine,Dumper,2017-01-08,65,5
957,Teresa,Grut,Manhood,1996-03-09,9,5
958,Giuditta,Fenne,McCawley,2002-09-03,87,4
959,Teodoor,Strass,Eastmead,2023-02-10,61,4
960,Alano,Marrow,Antal,2018-02-25,3,2
961,Elspeth,Siccombe,Boullin,2012-05-05,3,4
962,Alonzo,Fassam,Chesney,2003-05-20,19,5
963,Agnes,Alexis,Caramuscia,2009-11-12,45,4
964,Marrissa,Blessed,Bouldon,1995-07-09,2,5
965,Marji,Axworthy,Edgerton,2006-08-18,76,5
966,Reeta,Larn,McCathie,2007-07-05,35,4
967,Harlin,Algate,Osgarby,2019-08-25,61,3
968,Merridie,Gorler,Nuscha,2021-07-12,15,1
969,Gerick,Heinish,Strutton,2003-09-14,75,3
970,Murial,Berrick,Crampsy,2020-02-25,28,1
971,Ham,Louisot,Celes,2016-05-23,75,3
972,Marys,Stokoe,Condie,1993-02-15,1,2
973,Aleta,Hellis,Drable,2018-06-29,51,4
974,Inigo,Muge,Waghorne,2000-01-21,23,5
975,Gwendolen,Elford,Kensit,2015-11-29,84,5
976,Dotti,Preble,Toopin,2023-10-02,82,4
977,Celestine,Matveichev,Brisker,2013-02-18,98,4
978,Brittaney,Normanville,Fuidge,1992-01-22,5,4
979,Janeen,Burvill,Aysh,1999-08-28,2,5
980,Avivah,Laurisch,Heigho,1996-01-14,76,4
981,Sunny,Ruseworth,Kolis,2004-11-07,66,4
982,Ashien,Willerstone,Valerio,1991-12-22,41,5
983,Wilhelm,Pattemore,Torald,2020-06-17,66,4
984,Nelson,McArtan,Ferrea,2023-01-01,57,1
985,Erin,Rubinowitsch,Fielding,1997-05-20,45,2
986,Nananne,Corradini,Bambery,2001-01-07,74,5
987,Angy,Mechi,Mechem,2001-02-14,42,1
988,Theo,Coraini,Moulding,1999-03-10,65,1
989,Amandie,Pflieger,Lambell,2016-04-29,78,4
990,Opal,Seemmonds,Castro,2005-12-22,72,3
991,Astrid,Mattaus,Tirrey,2005-05-20,37,3
992,Salvatore,Roskrug,Sparsholt,2006-05-04,94,1
993,Uri,MacLeod,Mardell,2004-11-19,9,1
994,Berk,Allerton,Hards,2023-02-13,8,3
995,Sidnee,Adnam,Dain,1999-07-15,15,5
996,Forester,Jahnke,Scutt,2017-02-20,12,5
997,Jania,Maybury,Leebetter,2023-07-20,77,2
998,Sarena,Bonellie,Jefferson,2002-02-14,20,4
999,Gratiana,de Grey,Hamelyn,2013-06-22,8,3
1000,Derick,Machans,Deely,2003-08-05,71,5